[
{"mission_name": "Aeolus ", "mission_description": "Aeolus was the first satellite mission to acquire profiles of Earth’s wind on a global scale. These observations improved weather forecasts and climate models. The Aeolus satellite carried just one large instrument – a Doppler wind lidar that measured the winds sweeping around our planet. Surpassing scientific expectations and exceeding its planned life in orbit, the mission ended on 28 July 2023. ", "mission_page": "https://www.esa.int/Applications/Observing_the_Earth/FutureEO/Aeolus"},
{"mission_name": "Φ-sat ", "mission_description": "Ф-sat-1, an enhancement of the Federated Satellite Systems (FSSCat) mission, is the first experiment to demonstrate how artificial intelligence can be used for Earth observation – in this case, filtering out less than perfect images so that only usable data are returned to Earth.  ", "mission_page": "https://www.esa.int/Applications/Observing_the_Earth/Ph-sat"},
{"mission_name": "Webb ", "mission_description": "The James Webb Space Telescope (Webb) is the next great space science observatory following Hubble, designed to answer outstanding questions about the Universe and to make breakthrough discoveries in all fields of astronomy. Webb will see farther into our origins: from the formation of stars and planets, to the birth of the first galaxies in the early Universe. Webb is an international partnership between NASA, ESA and CSA. The telescope launched on an Ariane 5 from Europe's Spaceport in French Guiana. ", "mission_page": "https://www.esa.int/Science_Exploration/Space_Science/Webb"},
{"mission_name": "Vigil ", "mission_description": "ESA Vigil will be the first of its kind. By keeping an eagle eye on the 'side' of the Sun, the spacecraft will stream a constant feed of near real-time data on potentially hazardous solar activity, before it rolls into view from Earth. The mission will give us advance warning of oncoming solar storms and therefore more time to protect spacecraft in orbit, infrastructure on the ground and explorers now and in the future, unshielded by Earth's magnetic field and vulnerable to our star's violent outbursts. Formerly known as the \"Lagrange mission\", ESA Vigil takes its name from the Latin ‘vigilis exceptus’ meaning sentry, and also ‘vigilia’ meaning wakefulness and the act of keeping a devoted watch. ", "mission_page": "https://www.esa.int/Space_Safety/Vigil"},
{"mission_name": "Vega ", "mission_description": "Vega first launched in 2012 from Europe’s Spaceport in French Guiana to complement Europe’s heavy-lift Ariane rockets. Vega-C, a more powerful variant with greater payload volume and improved competitiveness, took over this role with its inaugural flight on 13 June 2022. Vega-E is now in development to further increase performance while reducing launch service costs.", "mission_page": "https://www.esa.int/Enabling_Support/Space_Transportation/Vega"},
{"mission_name": "Swarm ", "mission_description": "ESA’s three-satellite Swarm mission is dedicated to unravelling one of the most mysterious aspects of our planet: the magnetic field. Although invisible, the magnetic field and electric currents in and around Earth generate complex forces that have immeasurable impact on everyday life. By analysing the different characteristics of the observed field, Swarm will lead to new insight into many natural processes, from those occurring deep inside the planet to weather in space caused by solar activity. ", "mission_page": "https://www.esa.int/Applications/Observing_the_Earth/FutureEO/Swarm"},
{"mission_name": "Space Rider ", "mission_description": "Space Rider is an uncrewed robotic laboratory about the size of two minivans. After launch on Vega-C it will stay in low orbit for about two months. Experiments inside its cargo bay will allow technology demonstration and benefit research in pharmaceutics, biomedicine, biology and physical science. At the end of its mission, Space Rider will return to Earth with its payloads and land on a runway to be unloaded and refurbished for another flight. ", "mission_page": "https://www.esa.int/Enabling_Support/Space_Transportation/Space_Rider"},
{"mission_name": "SMOS ", "mission_description": "ESA’s Soil Moisture and Ocean Salinity (SMOS) mission is dedicated to making global observations of soil moisture over land and salinity over oceans. By consistently mapping these two important components in the water cycle, SMOS is advancing our understanding of the exchange processes between Earth’s surface and atmosphere and is helping to improve weather and climate models. ", "mission_page": "https://www.esa.int/Applications/Observing_the_Earth/FutureEO/SMOS"},
{"mission_name": "Rosetta ", "mission_description": "ESA's Rosetta mission was the first to rendezvous with a comet, the first to follow a comet on its orbit around the Sun, and the first to deploy a lander to a comet's surface. Comets are time capsules containing primitive material left over from the epoch when the Sun and its planets formed. By studying the gas, dust and structure of the nucleus and organic materials associated with the comet, via both remote and in situ observations, the Rosetta mission is unlocking the history and evolution of our Solar System. Rosetta is an ESA mission with contributions from its Member States and NASA. Rosetta’s Philae lander was provided by a consortium led by DLR, MPS, CNES and ASI. ", "mission_page": "https://www.esa.int/Science_Exploration/Space_Science/Rosetta"},
{"mission_name": "meteosat third generation ", "mission_description": "Building on the long-standing partnership between ESA and Eumetsat, Meteosat Third Generation will guarantee the continuity of data for weather forecasting from geostationary orbit for the next two decades. The full MTG system is based on a series of two types of satellite: four MTG-Imagers and two MTG-Sounders. The first satellite, MTG-I1, was launched on 13 December 2022. ", "mission_page": "https://www.esa.int/Applications/Observing_the_Earth/Meteorological_missions/meteosat_third_generation"},
{"mission_name": "Meteosat ", "mission_description": "Europe’s series of Meteosat satellites has been improving the accuracy of weather forecasts for over 40 years. The first Meteosat was launched in 1977 and also goes down in history as ESA’s first Earth observation mission. From geostationary orbit, the Meteosat satellites provide a continuous stream of images of the whole Earth disc, to monitor the weather over Europe, Africa and parts of the Atlantic and Indian Ocean.  ", "mission_page": "https://www.esa.int/Applications/Observing_the_Earth/Meteorological_missions/Meteosat"},
{"mission_name": "Mars Express ", "mission_description": "Since beginning science operations in 2004, Mars Express has provided breathtaking views of Mars in three dimensions. It has provided the most complete map of the chemical composition of the atmosphere, studied Mars’s innermost moon Phobos in unprecedented detail, and traced the history of water across the globe, demonstrating that Mars once harboured environmental conditions that may have been suitable for life. ", "mission_page": "https://www.esa.int/Science_Exploration/Space_Science/Mars_Express"},
{"mission_name": "Hera ", "mission_description": "As part of the world’s first test of asteroid deflection, Hera will perform a detailed post-impact survey of the target asteroid, Dimorphos – the orbiting moonlet of a binary asteroid system known as Didymos. Now that NASA’s DART mission has impacted the moonlet, Hera will turn the grand-scale experiment into a well-understood and repeatable planetary defence technique. Demonstrating new technologies from autonomous navigation around an asteroid to low gravity proximity operations, Hera will be humankind’s first probe to rendezvous with a binary asteroid system and Europe’s flagship Planetary Defender. ", "mission_page": "https://www.esa.int/Space_Safety/Hera"},
{"mission_name": "GOCE ", "mission_description": "ESA's Earth Explorer GOCE mission was dedicated to map Earth's gravity with unrivalled precision and provided the most accurate model of the 'geoid' ever produced to further our understanding of how Earth works. After more than four years in orbit, the mission came to a natural end on 11 November 2013, but the wealth of data from GOCE continues to be exploited to improve our understanding of ocean circulation, sea level, ice dynamics, Earth’s interior and climate change. ", "mission_page": "https://www.esa.int/Applications/Observing_the_Earth/FutureEO/GOCE"},
{"mission_name": "Gaia ", "mission_description": "Gaia is creating an extraordinarily precise three-dimensional map of more than a thousand million stars throughout our Milky Way galaxy and beyond, mapping their motions, luminosity, temperature and composition. This huge stellar census will provide the data needed to tackle an enormous range of important questions related to the origin, structure and evolutionary history of our galaxy. ", "mission_page": "https://www.esa.int/Science_Exploration/Space_Science/Gaia"},
{"mission_name": "Envisat ", "mission_description": "Envisat was the largest Earth observation spacecraft ever built. The mission delivered thousands of images and a wealth of data used to study the workings of the Earth system, including insights into factors contributing to climate change. The end of the mission was declared on 9 May 2012, but ten years of Envisat’s archived data continue to be exploited for studying our planet. ", "mission_page": "https://www.esa.int/Applications/Observing_the_Earth/Envisat"},
{"mission_name": "EarthCARE ", "mission_description": "The Earth Cloud Aerosol and Radiation Explorer (EarthCARE) satellite mission will advance our understanding of the role that clouds and aerosols play in reflecting incident solar radiation back out to space and trapping infrared radiation emitted from Earth’s surface. ", "mission_page": "https://www.esa.int/Applications/Observing_the_Earth/FutureEO/EarthCARE"},
{"mission_name": "CryoSat ", "mission_description": "ESA’s Earth Explorer CryoSat mission is dedicated to measuring the thickness of polar sea ice and monitoring changes in the ice sheets that blanket Greenland and Antarctica. Its main payload is a SAR Interferometric Radar Altimeter, which is designed for ice, measuring changes at the margins of vast ice sheets and floating ice in polar oceans. ", "mission_page": "https://www.esa.int/Applications/Observing_the_Earth/FutureEO/CryoSat"},
{"mission_name": "Sentinel-6 ", "mission_description": "With global mean sea level rising because of climate change, Copernicus Sentinel-6 is the next radar altimetry reference mission to extend the legacy of sea-surface height measurements until at least 2030. The satellite carries a Poseidon-4 radar altimeter and a microwave radiometer. ", "mission_page": "https://www.esa.int/Applications/Observing_the_Earth/Copernicus/Sentinel-6"},
{"mission_name": "Sentinel-5P ", "mission_description": "Sentinel-5 Precursor – also known as Sentinel-5P – is the first Copernicus mission dedicated to monitoring our atmosphere. The satellite carries the state-of-the-art Tropomi instrument to map a multitude of trace gases, which affect the air we breathe and therefore our health and our climate. ", "mission_page": "https://www.esa.int/Applications/Observing_the_Earth/Copernicus/Sentinel-5P"},
{"mission_name": "Sentinel-3 ", "mission_description": "Carrying a suite of cutting-edge instruments, Copernicus Sentinel-3 measures systematically Earth’s oceans, land, ice and atmosphere to monitor and understand large-scale global dynamics. It provides essential information in near-real time for ocean and weather forecasting. ", "mission_page": "https://www.esa.int/Applications/Observing_the_Earth/Copernicus/Sentinel-3"},
{"mission_name": "Sentinel-2 ", "mission_description": "The Copernicus Sentinel-2 mission is based on a constellation of two identical satellites in the same orbit. Each satellite carries an innovative wide swath high-resolution multispectral imager with 13 spectral bands for a new perspective of our land and vegetation. ", "mission_page": "https://www.esa.int/Applications/Observing_the_Earth/Copernicus/Sentinel-2"},
{"mission_name": "Sentinel-1 ", "mission_description": "The Copernicus Sentinel-1 mission is designed as a two-satellite constellation. Each satellite carries an advanced radar instrument to provide an all-weather, day-and-night supply of imagery of Earth’s surface. The mission ended for Sentinel-1B in 2022.", "mission_page": "https://www.esa.int/Applications/Observing_the_Earth/Copernicus/Sentinel-1"},
{"mission_name": "ClearSpace-1 ", "mission_description": "A 112 kg defunct rocket part, launched in 2013, remains lingering in space alongside millions of other bits of space debris. Clearspace-1 will remove this Vespa upper stage from orbit as the first-ever mission to remove an existing derelict object from orbit through highly precise, complex, close proximity operations, all in the name of cleaning up space. While the mission was dreamt up by the ESA Clean Space team, the Agency is purchasing it as a service from the Swiss start-up ‘Clearspace SA’ to demonstrate the technologies needed for debris removal and as a first step to establishing a new and sustainable commercial sector in space.", "mission_page": "https://www.esa.int/Space_Safety/ClearSpace-1"},
{"mission_name": "Cheops ", "mission_description": "Cheops is ESA's  aracterising  x lanet  atellite. It is the first space mission dedicated to studying bright, nearby stars that are already known to host exoplanets, in order to make high-precision observations of the planet's size as it passes in front of its host star. It focuses on planets in the super-Earth to Neptune size range, with its data enabling the bulk density of the planets to be derived – a first-step characterisation towards understanding these alien worlds. ", "mission_page": "https://www.esa.int/Science_Exploration/Space_Science/Cheops"},
{"mission_name": "Biomass ", "mission_description": "Carrying a novel P-band synthetic aperture radar, the Biomass mission is designed to deliver crucial information about the state of our forests and how they are changing, and to further our knowledge of the role forests play in the carbon cycle. ", "mission_page": "https://www.esa.int/Applications/Observing_the_Earth/FutureEO/Biomass"},
{"mission_name": "Arctic Weather Satellite ", "mission_description": "The Arctic Weather Satellite mission will provide frequent coverage of Earth for improved nowcasting and numerical weather prediction. Carrying a cross-track scanning microwave radiometer, the Arctic Weather Satellite mission provides measurements of atmospheric humidity and temperature. ", "mission_page": "https://www.esa.int/Applications/Observing_the_Earth/Meteorological_missions/Arctic_Weather_Satellite"},
{"mission_name": "Altius ", "mission_description": "The Atmospheric Limb Tracker for Investigation of the Upcoming Stratosphere (Altius) mission carries a high-resolution spectral imager and uses a limb-sounding technique to deliver profiles of ozone and other trace gases in the upper atmosphere to support services such as weather forecasting, and to monitor long-term trends. Altius is developed within ESA’s Earth Watch programme and financed mainly by Belgium with contributions from Canada, Luxembourg and Romania. ", "mission_page": "https://www.esa.int/Applications/Observing_the_Earth/Altius"}
]